159,033,163,033,160,034,115,056,117,046,118,046,255,226
163,033,161,034,160,034,029,098,024,123,033,118,032,150
157,060,159,062,172,042,159,031,163,033,159,032,011,207
153,065,159,058,167,054,095,098,095,094,097,096,173,241
102,034,116,031,105,031,163,033,159,033,159,032,129,196
126,109,128,107,138,155,125,098,128,094,106,092,214,164
098,051,114,049,113,042,146,077,143,077,156,068,026,046
153,172,154,177,154,177,148,095,136,109,145,153,071,251
177,057,177,056,175,060,147,119,148,095,145,153,028,225
054,083,054,099,039,110,063,093,073,089,059,072,098,137
099,031,078,042,085,034,059,179,070,178,067,177,012,095
046,092,056,094,052,090,107,045,097,060,095,057,211,209
055,051,057,043,070,040,153,080,148,058,142,060,215,082
070,178,059,179,067,179,165,055,175,060,164,057,133,240
154,054,158,054,164,057,142,077,142,060,133,072,159,143
163,033,163,030,163,032,145,013,139,015,136,018,038,051
163,033,159,031,160,030,148,173,152,170,144,168,137,072
089,084,091,087,092,083,140,042,137,041,140,023,241,127
098,051,087,051,094,055,099,031,115,023,106,029,114,172
114,037,115,035,119,026,145,164,147,119,145,153,113,008
160,013,170,013,157,012,034,073,044,074,032,082,253,234
105,031,085,034,102,034,172,020,159,021,175,023,107,217
075,071,067,062,086,047,176,031,176,032,178,029,112,166
143,114,138,112,139,101,022,179,026,179,027,176,241,122
157,012,170,013,168,017,143,090,137,094,130,093,019,204
093,153,093,170,091,105,084,073,094,074,099,062,186,182
075,177,074,171,067,177,174,054,167,054,172,057,056,057
139,015,145,013,148,013,178,051,168,050,181,050,175,003
133,060,137,041,140,042,054,039,050,041,045,047,211,104
163,032,163,030,164,031,148,013,157,012,152,017,146,078
163,030,163,033,163,029,143,077,146,077,135,083,085,078
163,033,160,030,161,029,163,033,161,029,163,029,133,004
174,017,170,013,178,004,152,180,154,177,154,177,181,069
159,037,160,032,161,032,025,092,045,057,022,086,058,243
022,170,030,173,026,176,178,038,185,048,174,033,240,194
161,034,163,033,162,034,085,099,092,083,086,110,111,157
059,072,049,064,055,075,074,111,067,129,063,118,029,073
159,021,160,013,148,016,058,142,081,096,065,122,150,125
178,004,175,010,174,017,142,077,148,095,153,080,135,239
098,051,093,040,087,051,102,099,110,101,104,114,001,033
070,040,067,051,055,051,094,109,092,121,097,158,011,115
067,129,078,122,064,140,059,072,066,066,058,060,177,104
127,047,139,035,124,040,061,142,054,140,067,129,212,100
177,057,174,057,179,057,058,060,049,064,059,072,114,208
101,058,108,066,105,080,075,179,075,177,075,177,089,103
145,013,136,018,148,016,026,089,026,093,033,072,159,008
174,033,178,029,176,032,155,037,147,026,147,037,064,163
017,177,022,179,020,178,175,032,175,032,174,033,068,100
164,037,175,023,159,021,146,077,154,074,152,081,042,046
027,176,030,173,019,167,106,092,091,087,099,097,005,146
163,033,162,034,161,034,162,034,163,033,163,033,015,008
161,034,162,034,163,033,134,158,126,109,138,155,216,179
162,034,161,034,161,034,020,140,016,130,019,167,186,149
047,046,045,057,054,047,163,033,163,032,164,032,060,128
013,177,017,177,020,178,163,033,163,033,164,032,133,235
159,033,158,033,158,032,019,167,016,130,013,167,137,016
158,032,159,032,159,033,047,045,047,055,034,063,173,233
039,110,032,109,041,094,159,034,160,034,161,034,014,203
078,118,085,099,086,110,159,033,160,034,159,034,175,066
159,033,158,033,158,033,158,033,159,033,159,034,142,173
160,030,160,028,161,028,160,028,160,030,159,031,073,125
161,028,161,029,160,030,017,167,013,177,013,167,194,135
178,029,173,035,172,026,158,030,159,031,159,032,128,008
154,054,149,048,158,054,176,041,175,023,172,042,062,253
159,031,159,029,160,028,159,029,159,031,158,030,027,040
163,030,164,029,164,030,164,029,163,030,164,029,078,225
164,030,164,031,163,030,157,019,163,029,155,025,044,235
164,031,164,030,163,032,163,028,163,029,161,029,159,160
143,045,140,035,139,035,163,030,163,029,163,028,003,073
093,040,098,051,113,042,164,029,163,030,163,028,019,141
140,035,137,025,133,029,095,057,094,072,083,075,110,127
181,050,166,035,173,035,160,034,161,034,161,034,059,232
081,043,087,051,093,040,139,035,140,035,133,029,229,153
164,032,163,032,164,031,147,037,140,035,147,050,128,231
032,109,028,096,032,082,130,021,137,025,142,019,062,119
078,055,069,045,077,063,148,013,152,017,142,004,184,113
155,037,149,046,158,046,158,031,159,032,158,032,069,217
140,035,143,045,147,050,159,034,161,034,160,034,180,200
065,122,054,130,058,142,061,142,064,140,061,166,196,163
153,068,158,046,152,056,146,077,153,068,152,064,079,079
084,109,089,094,084,082,086,047,083,075,075,071,167,248
075,177,075,179,073,170,162,028,161,029,161,028,030,162
028,096,014,142,019,122,167,054,159,058,172,057,051,188
158,030,159,032,158,031,078,042,070,040,085,034,006,040
172,057,174,055,174,054,146,077,152,081,135,083,145,214
119,026,132,022,119,037,177,057,179,057,177,056,103,198
159,062,156,068,170,048,164,031,163,032,164,030,127,225
012,108,001,101,010,102,091,105,091,109,093,153,117,010
163,028,161,029,162,028,159,058,153,065,154,054,180,149
139,035,134,057,143,045,142,060,148,058,143,045,050,075
155,066,152,056,147,050,147,050,143,045,148,058,092,185
052,062,067,062,044,074,177,029,176,028,176,028,202,125
055,167,061,166,064,173,020,101,010,102,019,092,211,164
175,032,173,031,174,030,141,170,128,105,130,121,083,058
065,167,074,171,073,170,160,032,160,032,159,037,159,214
071,072,073,089,084,082,022,179,020,178,026,179,186,201
094,074,089,094,092,083,178,032,178,030,178,031,088,125
020,178,022,179,026,179,148,016,142,019,159,021,190,071
177,029,176,028,177,028,174,033,176,037,178,038,104,228
141,096,125,098,136,109,068,080,075,084,080,092,071,041
176,032,175,032,174,033,077,063,066,066,084,073,106,149
037,057,047,045,034,063,083,075,086,047,101,035,108,053
176,034,175,034,175,034,142,060,143,045,134,057,100,195
178,032,178,031,177,032,149,046,155,037,147,037,148,179
185,048,181,050,173,035,047,045,050,041,061,038,128,037
165,055,164,057,158,054,159,058,175,060,172,057,236,020
110,084,095,080,106,092,175,032,173,032,173,031,111,205
178,004,170,014,172,020,175,060,172,056,175,057,083,084
176,034,175,034,174,034,018,141,014,142,028,096,113,192
137,017,148,016,125,019,099,031,105,031,114,027,068,235
176,030,175,029,176,028,128,094,142,077,133,072,044,174
177,029,176,030,176,028,148,058,155,066,147,050,171,145
177,029,176,028,177,029,174,030,175,031,175,032,111,253
149,046,152,056,158,046,175,031,174,030,176,030,098,229
176,030,174,029,175,029,174,029,176,030,174,030,169,042
178,031,178,029,178,030,178,029,178,031,177,028,161,130
097,060,095,077,094,072,063,118,052,130,057,123,184,238
178,031,178,030,178,032,174,054,174,055,175,055,166,225
095,098,097,096,091,109,177,029,177,028,178,030,009,079
178,030,177,028,178,031,177,028,178,030,177,028,149,240
177,033,176,033,175,034,176,033,177,033,177,033,227,084
176,034,177,033,175,034,108,066,113,074,111,081,122,009
176,034,175,034,176,034,023,166,020,140,019,167,240,035
022,086,001,101,025,092,178,032,177,032,177,033,179,015
168,041,175,023,164,037,177,033,177,033,177,032,169,122
175,033,173,033,173,032,020,140,023,142,023,166,121,094
175,032,175,033,173,032,181,058,179,057,183,051,055,139
023,142,020,140,023,166,174,034,176,034,176,034,013,098
146,179,141,170,138,178,176,034,174,034,175,033,100,123
175,033,174,034,173,033,174,034,175,033,174,034,249,235
044,074,041,094,032,082,156,068,167,054,170,048,178,213
001,101,014,102,025,092,175,023,179,008,172,020,109,039
026,089,019,122,026,093,176,041,176,037,178,025,254,103
101,180,096,177,103,177,041,094,032,109,032,082,218,120
154,177,152,170,153,172,014,142,018,141,013,167,244,056
054,140,063,118,067,129,176,037,174,033,176,032,217,124
166,035,163,029,172,026,130,093,118,090,135,083,183,054
174,054,176,041,170,048,033,072,036,075,037,062,152,106
170,014,178,004,170,013,054,039,060,041,077,033,062,115
172,058,168,050,178,051,060,041,054,039,054,047,051,147
170,013,174,017,168,017,095,080,092,083,091,087,011,054
140,023,137,041,128,037,020,101,019,092,035,068,191,178
164,037,158,046,168,041,055,051,067,051,053,055,104,074
032,109,018,141,028,096,013,167,018,141,017,167,062,247
052,062,053,055,067,051,175,033,176,034,176,034,232,237
155,025,152,017,157,019,125,019,148,016,136,018,081,073
115,035,114,037,112,050,118,090,111,081,135,083,203,169
177,031,178,029,177,031,130,021,127,026,137,025,226,224
177,029,175,033,177,029,178,030,175,033,177,029,170,119
069,045,066,057,077,063,175,033,176,030,177,029,008,094
020,101,040,075,023,102,176,030,175,032,175,031,102,193
178,029,172,026,168,017,019,167,013,167,022,179,040,166
164,035,161,032,161,032,095,094,095,098,080,092,246,114
177,031,178,025,176,037,116,031,124,040,133,029,250,025
064,088,066,092,056,094,111,081,131,077,135,083,048,058
071,072,084,073,066,066,154,177,152,180,154,177,216,022
034,073,029,072,033,066,078,055,077,063,086,064,230,198
081,043,078,055,087,051,140,062,133,060,140,042,076,251
105,102,099,097,082,092,026,089,029,072,032,082,184,091
016,171,022,170,018,177,115,056,120,064,108,066,109,035
067,051,070,040,078,042,136,109,128,105,145,153,091,007
094,055,099,062,098,051,128,107,139,101,138,112,202,034
163,029,166,035,164,035,118,090,117,094,110,101,186,105
128,094,125,098,141,096,178,031,175,033,178,030,227,035
127,068,140,062,145,068,176,030,175,033,175,032,063,023
054,130,058,122,052,130,073,170,074,171,075,177,255,079
178,004,179,008,175,010,065,122,073,089,063,093,138,145
128,107,138,112,139,142,178,051,181,050,179,057,183,213
152,081,149,092,143,090,168,050,159,037,166,035,151,130
061,038,070,040,057,043,172,042,170,048,176,041,032,151
095,094,095,077,097,096,105,031,116,031,127,026,046,129
124,101,115,101,125,100,075,177,075,179,075,177,004,117
067,129,074,111,078,118,177,032,177,032,176,037,181,125
157,060,168,041,158,046,158,046,164,037,155,037,187,084
044,074,034,073,052,062,018,141,020,140,017,167,140,095
177,033,175,033,178,032,181,058,174,054,175,055,230,182
089,084,085,099,081,088,101,142,100,155,099,150,167,108
175,033,178,031,178,032,060,167,059,179,067,177,149,154
156,068,153,065,167,054,176,034,175,033,176,034,050,077
053,099,064,088,056,094,175,033,177,033,176,034,000,070
139,101,149,099,143,114,113,042,114,049,124,040,213,081
107,045,115,035,112,050,062,141,084,109,081,096,035,177
137,077,131,077,127,068,064,140,065,167,061,166,016,207
101,058,105,080,097,060,058,122,063,093,060,098,200,025
115,035,101,035,106,029,022,170,023,166,030,173,171,189
094,158,097,158,092,121,047,046,039,057,035,062,248,193
033,118,039,097,029,098,133,029,124,040,139,035,082,167
081,096,084,082,073,089,078,055,086,064,094,055,085,225
117,046,115,056,112,050,175,055,174,055,177,056,236,006
067,179,059,179,059,176,039,057,045,047,035,068,105,183
023,166,019,167,030,173,140,062,127,068,133,060,049,141
034,073,034,063,041,064,052,130,055,167,060,167,074,190
176,041,178,025,175,023,067,129,078,118,078,122,196,081
178,025,174,017,175,023,117,025,115,023,125,019,030,153
153,172,148,173,154,177,099,062,098,051,099,062,219,103
115,101,125,098,106,092,137,017,130,021,142,019,210,188
036,075,029,098,039,097,067,051,067,062,052,062,135,134
077,063,084,073,086,064,132,022,119,026,136,018,127,036
016,171,017,167,022,170,039,110,033,122,032,109,139,136
033,122,018,141,032,109,110,101,099,107,106,112,042,211
133,072,134,057,125,075,093,179,093,170,092,173,147,058
068,070,075,071,075,084,137,094,125,100,114,103,183,058
088,097,105,102,082,092,155,025,163,029,160,031,151,188
148,095,149,099,153,080,155,066,154,074,152,064,151,015
141,170,145,153,128,105,174,054,181,058,181,050,125,083
102,168,097,158,101,178,035,068,046,063,040,075,052,091
125,100,137,094,139,101,041,064,047,055,053,055,176,067
146,077,152,064,154,074,054,047,058,060,066,057,238,247
174,017,178,025,176,019,039,097,033,118,045,111,036,165
125,075,127,047,113,071,115,023,130,021,125,019,231,254
125,098,128,105,136,109,170,048,167,054,174,054,173,209
110,092,102,099,111,081,145,164,143,150,147,119,071,140
110,092,118,090,110,101,069,045,060,041,066,057,098,141
149,048,140,042,153,041,033,066,029,072,037,062,055,005
120,064,131,077,113,074,144,168,152,170,145,175,014,001
108,066,101,058,112,050,117,025,106,029,115,023,235,021
114,027,130,021,115,023,084,109,086,110,089,094,139,089
042,058,045,047,044,063,141,170,146,179,148,173,118,210
094,109,097,158,100,155,098,101,095,098,091,105,166,224
177,057,177,057,179,057,066,057,066,066,077,063,199,225
159,037,153,041,155,025,115,101,099,097,105,102,219,085
099,031,085,034,105,031,046,092,039,097,045,111,006,161
145,175,149,179,138,178,133,060,127,068,118,046,244,122
078,118,086,110,078,122,042,081,046,092,052,090,151,070
068,070,068,080,044,074,067,177,074,171,065,167,021,063
137,025,140,035,147,026,146,077,146,077,153,068,124,246
033,072,026,093,036,075,099,107,094,109,100,155,129,032
053,081,055,075,049,064,098,101,091,105,094,109,058,009
130,093,137,094,122,100,044,063,037,062,036,075,052,247
085,099,072,099,081,088,152,017,155,025,140,023,170,006
101,179,101,178,093,179,115,035,117,025,119,026,117,001
166,035,172,026,173,035,178,029,178,025,177,031,201,246
161,032,162,032,164,035,092,040,086,047,077,049,175,215
154,177,154,177,153,172,142,010,140,023,140,008,150,151
067,179,074,176,075,179,146,077,156,068,153,068,091,008
017,177,022,179,017,177,082,092,081,088,066,092,012,171
095,098,099,101,080,092,093,040,073,038,081,043,229,156
057,123,058,122,060,098,021,122,024,123,029,098,027,155
045,047,042,058,035,068,177,031,176,031,178,029,211,041
014,130,021,122,019,122,159,021,155,037,164,037,042,213
161,031,161,031,163,029,084,073,099,062,094,055,132,002
160,032,160,032,159,037,092,040,106,029,101,035,214,217
033,118,020,140,033,129,153,068,152,056,152,064,060,139
159,037,164,035,166,035,155,066,153,080,152,081,189,103
143,077,153,065,156,068,143,150,145,164,144,168,155,129
045,111,033,129,042,118,033,066,034,063,034,073,180,038
128,105,124,101,126,109,179,057,174,057,172,056,148,179
154,177,146,179,149,179,054,047,045,057,044,068,081,101
119,037,117,046,114,037,181,058,177,056,179,057,229,174
029,072,033,072,037,062,149,099,149,092,152,081,215,202
175,023,175,010,179,008,101,035,086,047,092,040,190,166
083,075,095,094,075,084,174,017,175,010,175,023,165,042
092,083,089,094,086,110,085,099,074,111,072,099,114,055
020,101,023,102,012,108,077,033,060,041,073,038,057,158
073,089,071,072,059,072,159,021,147,026,155,037,046,249
027,176,019,167,022,179,149,046,147,037,147,050,081,102
033,066,037,057,034,063,061,166,065,167,073,170,124,181
034,063,047,055,041,064,094,074,084,073,084,082,048,189
165,055,158,054,168,055,058,122,065,122,063,093,030,056
055,075,053,081,061,097,046,092,053,099,056,094,149,189
140,035,147,037,147,026,142,077,141,096,148,095,178,076
105,080,108,066,111,081,153,065,145,068,149,048,186,227
137,041,133,060,118,046,114,103,125,100,105,102,231,219
155,066,148,058,153,080,142,010,152,017,140,023,201,136
057,123,060,098,063,118,170,013,160,013,170,014,207,224
093,170,094,158,092,121,058,142,062,141,081,096,033,180
105,031,127,026,114,027,152,017,157,012,168,017,037,248
148,016,137,017,142,019,061,097,060,092,074,111,163,229
016,130,020,140,033,118,127,068,131,077,120,064,253,213
140,023,128,037,132,022,113,042,116,031,102,034,046,169
117,094,122,100,114,103,174,017,176,019,168,017,140,126
099,101,088,097,080,092,028,096,019,122,026,089,010,057
140,008,142,004,142,010,172,058,172,056,168,055,022,037
099,062,114,049,098,051,053,099,046,092,045,111,224,187
168,017,163,029,157,019,042,081,036,075,039,097,079,167
041,094,044,074,054,083,021,122,014,130,016,130,235,153
159,058,154,054,164,057,098,070,099,062,094,074,220,021
054,130,052,130,058,142,097,119,104,114,099,150,244,166
134,158,134,158,141,170,014,102,023,101,025,092,045,039
075,177,067,177,070,178,062,141,078,122,084,109,243,156
072,099,060,092,065,094,053,081,042,081,052,090,127,129
054,099,042,118,039,110,089,094,094,074,084,082,217,254
148,013,137,020,139,015,145,068,137,077,127,068,176,038
142,019,147,026,159,021,060,098,055,075,061,097,193,183
054,047,054,039,047,046,147,026,142,019,137,025,040,072
153,065,143,077,145,068,095,080,091,087,106,092,101,034
145,013,160,013,157,012,022,170,026,176,022,179,237,110
119,026,125,019,136,018,097,158,102,168,100,155,080,194
093,179,096,177,101,179,176,032,174,033,175,032,061,005
178,029,176,019,178,025,075,177,075,177,074,171,112,240
081,088,082,092,089,084,152,056,149,046,147,050,054,069
039,057,035,068,019,092,128,094,110,084,106,092,235,190
168,041,157,060,172,042,060,041,069,045,073,038,006,066
132,022,137,020,140,023,017,167,020,140,023,166,128,228
106,100,099,107,110,101,086,064,084,073,094,055,042,145
044,063,045,047,037,062,162,031,161,031,163,029,215,255
177,031,177,031,178,029,099,101,098,101,106,100,063,071
143,090,149,092,139,101,149,048,140,062,140,042,128,033
039,110,042,118,033,122,088,097,099,101,105,102,136,126
118,046,127,068,115,056,165,055,168,055,172,056,235,209
016,130,014,142,013,167,098,101,094,109,099,107,187,238
022,179,017,177,018,177,142,004,140,008,137,020,156,053
177,032,176,037,176,032,074,176,073,170,075,179,176,132
075,179,070,178,067,179,137,168,134,158,138,155,130,092
117,094,130,093,122,100,093,040,113,042,102,034,069,210
126,109,130,121,128,105,127,047,114,049,099,062,220,243
032,082,028,096,026,089,024,123,021,122,016,130,018,233
064,173,073,170,074,176,152,064,152,056,155,066,067,028
162,032,162,032,164,035,039,097,046,092,042,081,212,098
060,167,055,167,059,179,178,029,168,017,176,019,127,109
122,100,137,094,114,103,053,081,049,064,042,081,200,021
157,019,152,017,168,017,072,088,068,080,080,092,204,162
177,031,176,037,177,032,163,029,164,035,162,032,195,225
177,056,181,058,175,055,039,057,047,046,045,047,193,048
105,102,099,101,106,100,172,056,175,060,165,055,234,153
034,073,032,082,029,072,145,175,154,177,152,180,167,159
057,043,047,045,061,038,102,099,110,092,110,101,052,225
037,057,045,047,050,041,096,177,101,180,101,179,163,016
137,168,138,155,144,168,125,100,128,107,124,101,056,072
047,055,055,051,053,055,060,092,053,081,052,090,126,166
033,122,033,129,020,140,019,122,021,122,026,093,071,046
054,039,077,033,061,038,153,068,157,060,158,046,177,029
054,140,061,142,061,166,018,177,017,177,016,171,073,144
091,105,093,170,092,121,020,140,023,142,033,129,094,044
099,095,095,077,105,080,050,041,047,045,037,057,058,102
143,077,131,077,137,077,172,058,158,054,168,050,179,151
154,074,155,066,152,081,145,164,141,170,148,173,015,216
117,094,118,090,130,093,068,070,067,062,075,071,027,035
152,081,143,090,135,083,125,019,119,026,117,025,134,092
099,107,100,155,101,142,155,025,153,041,140,023,122,169
096,177,095,172,096,177,053,099,054,099,064,088,153,083
124,040,116,031,113,042,128,037,118,046,119,037,171,126
050,041,054,039,061,038,047,055,057,043,055,051,130,127
054,047,049,064,058,060,128,107,125,100,139,101,241,064
075,084,095,094,080,092,127,026,130,021,114,027,142,026
052,062,034,073,053,055,127,026,116,031,133,029,102,135
143,077,137,077,145,068,058,142,052,130,060,167,239,040
130,121,126,109,134,158,145,175,137,168,144,168,226,166
082,092,091,087,089,084,061,097,063,118,060,098,136,228
037,062,045,047,037,057,138,178,137,168,145,175,198,202
033,129,045,111,033,118,117,025,115,035,106,029,171,197
077,049,067,051,078,042,148,173,146,179,154,177,038,129
063,118,061,097,074,111,040,075,023,101,023,102,202,010
099,062,113,071,127,047,066,057,058,060,066,066,042,159
075,179,075,177,070,178,016,130,014,130,014,142,135,161
125,075,134,057,139,035,145,153,141,170,145,164,048,004
177,057,175,060,175,057,042,058,044,063,046,063,015,232
143,150,139,142,143,114,137,094,143,090,139,101,034,127
153,080,142,060,142,077,033,129,023,142,020,140,132,107
093,170,095,164,092,173,042,118,033,129,033,122,115,145
148,013,145,013,157,012,054,047,066,057,060,041,223,177
145,164,148,173,144,168,175,060,159,058,164,057,064,134
052,130,054,140,055,167,072,088,082,092,066,092,144,054
147,119,143,114,149,099,064,140,078,122,062,141,098,077
164,035,159,037,161,032,070,040,061,038,085,034,091,055
026,093,029,098,036,075,063,093,059,072,055,075,011,171
022,086,045,057,035,062,101,142,099,150,104,114,025,186
026,179,030,173,027,176,078,122,086,110,084,109,071,177
026,176,026,179,022,179,145,175,152,170,154,177,215,204
016,171,017,177,013,177,115,101,124,101,125,098,213,084
082,092,099,097,091,087,022,179,013,167,013,177,046,088
020,178,022,179,013,177,141,096,136,109,148,095,140,120
130,021,137,017,125,019,095,094,083,075,094,072,013,089
102,099,099,095,105,080,105,080,111,081,102,099,066,188
099,095,097,119,093,153,133,029,137,025,127,026,237,143
183,051,181,050,185,048,044,063,042,081,049,064,229,128
168,050,158,054,159,037,046,063,044,068,040,075,221,031
072,088,080,092,088,097,099,107,106,100,098,101,124,097
064,140,062,141,065,167,061,166,073,170,064,173,178,060
110,092,111,081,118,090,087,051,078,055,094,055,013,048
175,060,177,057,177,057,154,177,152,180,154,177,039,022
099,031,114,027,115,023,060,098,063,093,055,075,156,140
096,177,101,180,096,177,153,041,158,054,149,048,095,053
142,010,142,004,152,017,060,092,072,099,074,111,232,162
001,101,022,086,019,092,127,047,125,075,139,035,217,121
044,068,045,057,025,092,172,056,172,058,179,057,005,221
058,122,057,123,052,130,036,075,042,081,044,063,085,026
030,173,026,179,026,176,081,096,084,109,084,082,064,124
071,072,066,066,059,072,095,077,095,094,094,072,014,071
173,035,178,029,174,033,100,170,092,173,100,168,121,250
092,173,095,172,096,177,119,037,132,022,128,037,115,126
155,025,160,031,159,037,061,142,067,129,064,140,204,149
091,109,097,096,099,095,149,179,145,175,152,180,082,155
020,101,012,108,010,102,106,112,104,114,110,101,027,133
100,170,103,177,095,172,172,026,163,029,168,017,243,226
103,177,096,177,095,172,117,046,119,037,118,046,103,173
166,035,181,050,168,050,045,111,054,099,053,099,044,086
159,037,160,031,160,032,097,060,105,080,095,077,137,088
046,063,054,047,044,068,114,037,117,046,112,050,180,039
062,141,060,167,065,167,034,073,041,064,053,055,082,009
095,172,092,173,100,170,113,071,098,070,110,084,046,017
041,094,054,083,039,110,039,057,019,092,022,086,121,198
029,072,026,089,033,072,069,045,081,043,073,038,044,058
152,180,154,177,149,179,099,150,095,164,097,119,136,183
115,035,107,045,101,035,185,048,178,038,181,050,058,099
097,119,095,164,093,153,177,056,172,057,175,060,061,140
067,062,068,070,044,074,093,170,093,179,101,178,146,242
101,180,096,177,096,177,159,062,170,048,172,042,177,086
084,082,084,073,071,072,064,173,067,179,059,176,165,240
054,140,061,166,055,167,082,092,072,088,088,097,222,012
181,050,183,051,185,048,060,084,054,099,054,083,146,167
162,032,162,031,163,029,143,114,147,119,143,150,163,165
183,051,179,057,181,050,127,047,124,040,114,049,143,192
118,046,128,037,137,041,102,168,107,175,100,168,117,113
054,099,060,084,064,088,092,121,094,109,091,105,067,009
095,057,083,075,101,035,095,057,097,060,094,072,164,040
095,057,101,035,107,045,026,093,021,122,029,098,017,211
023,102,023,101,012,108,177,032,177,032,176,037,089,125
054,047,046,063,049,064,092,040,099,031,106,029,128,208
170,014,160,013,159,021,113,071,110,084,125,075,191,184
138,178,149,179,146,179,045,057,047,046,035,062,096,140
138,155,139,142,143,150,098,101,099,101,095,098,233,210
134,158,141,170,130,121,103,177,107,175,101,180,025,080
054,039,045,047,047,046,054,140,052,130,063,118,141,001
093,179,092,173,096,177,017,167,023,166,022,170,107,043
104,114,106,112,101,142,056,094,065,094,052,090,225,235
146,077,143,077,146,077,138,155,128,107,139,142,199,113
168,041,172,042,175,023,115,101,105,102,125,100,234,210
139,015,137,020,132,022,072,088,064,088,060,084,246,154
148,013,142,004,137,020,113,074,131,077,111,081,027,117
093,170,093,153,095,164,099,062,098,070,113,071,047,213
132,022,136,018,139,015,047,055,047,045,057,043,200,143
010,102,001,101,019,092,176,037,181,050,178,038,018,182
138,178,141,170,134,158,102,168,101,178,107,175,239,080
100,155,102,168,100,168,042,058,046,063,035,068,059,075
115,056,127,068,120,064,058,122,054,130,065,122,231,212
064,088,072,088,066,092,069,045,078,055,081,043,041,011
065,122,081,096,073,089,099,095,102,099,097,119,093,007
138,112,143,114,139,142,119,026,119,037,114,037,191,067
158,054,172,058,168,055,095,164,099,150,100,168,146,079
073,038,093,040,102,034,107,175,101,179,101,180,074,071
174,054,176,037,176,041,099,062,099,062,094,074,248,187
099,150,100,155,100,168,107,045,112,050,101,058,096,254
095,080,110,084,098,070,091,109,099,095,093,153,150,171
040,075,044,068,023,101,140,008,140,023,137,020,008,020
065,094,060,092,052,090,097,096,095,077,099,095,068,161
159,062,153,068,156,068,077,033,102,034,085,034,253,165
097,158,094,158,093,170,152,081,153,080,149,099,148,255
134,158,134,158,130,121,145,068,140,062,149,048,217,056
100,170,100,168,107,175,066,092,081,088,056,094,245,027
174,033,185,048,173,035,100,170,107,175,103,177,175,151
081,088,072,099,065,094,113,074,108,066,120,064,162,207
153,068,159,062,157,060,085,099,089,084,092,083,166,244
067,179,064,173,074,176,062,141,058,142,060,167,232,020
022,179,018,177,022,170,125,098,124,101,128,105,179,008
016,130,033,118,024,123,106,100,114,103,105,102,150,195
067,177,065,167,060,167,016,171,013,177,017,167,004,147
143,090,130,093,135,083,106,112,099,107,101,142,144,159
014,130,019,122,014,142,099,031,092,040,078,042,034,105
092,083,095,080,094,074,115,056,108,066,112,050,126,054
061,038,077,033,085,034,126,109,124,101,128,107,166,077
054,083,068,080,072,088,037,062,037,057,033,066,148,155
055,167,059,176,059,179,174,054,181,050,176,037,023,038
138,155,143,150,144,168,142,060,134,057,133,072,108,003
072,088,060,084,054,083,142,077,128,094,141,096,045,040
077,049,086,047,067,062,179,057,172,058,178,051,210,146
163,029,161,031,160,031,145,013,148,016,160,013,035,056
134,158,137,168,138,178,149,092,149,099,139,101,064,238
149,099,148,095,147,119,099,097,115,101,106,092,004,017
091,105,095,098,091,109,035,068,040,075,020,101,169,044
106,100,117,094,114,103,172,020,170,014,159,021,189,135
104,114,097,119,102,099,148,173,153,172,152,170,207,133
177,056,174,055,172,057,039,057,022,086,035,062,168,168
064,173,059,176,055,167,125,075,128,094,133,072,086,087
077,049,067,062,067,051,159,037,158,054,153,041,017,230
140,023,153,041,140,042,117,094,106,100,110,101,009,078
001,101,012,108,014,102,153,065,149,048,154,054,092,166
093,170,101,178,097,158,042,118,054,099,045,111,016,027
060,092,061,097,053,081,092,173,095,164,100,168,211,057
025,092,023,101,044,068,077,049,078,042,092,040,029,051
065,094,056,094,081,088,085,099,078,118,074,111,112,249
075,084,075,071,083,075,101,179,107,175,101,178,115,212
033,122,020,140,018,141,044,063,049,064,046,063,072,074
077,033,073,038,102,034,075,084,068,080,068,070,212,010
068,080,054,083,044,074,131,077,143,077,135,083,207,060
179,008,178,004,172,020,101,058,097,060,107,045,188,178
012,108,023,101,014,102,128,094,125,075,110,084,050,106
095,080,098,070,094,074,181,050,181,058,183,051,043,091
